시·군·구별(1),시·군·구별(2),계(사회복지사),계(의사(계약의사포함)),계(간호사),계(간호조무사),계(치과위생사),계(물리(작업)치료사),계(요양보호사),계(영양사),계(사회복지사),재가(의사(계약의사포함)),재가(간호사),재가(간호조무사),재가(치과위생사),재가(물리(작업)치료사),재가(요양보호사),재가(영양사),시설(사회복지사),시설(계약의사포함),시설(간호사),시설(간호조무사),시설(치과위생사),시설(물리(작업)치료사),시설(요양보호사),시설(영양사)
합계,소계,30268,2312,3504,13221,14,2558,450970,1136,22642,99,1940,5185,14,407,381359,72,7685,2283,1623,8932,-,2276,76011,1069
서울,소계,3908,226,551,1485,2,250,76564,83,3364,21,298,818,2,65,70585,18,544,216,259,743,-,189,6464,66
서울,종로구,54,7,18,21,-,7,792,3,40,-,8,8,-,1,625,-,14,7,10,15,-,6,170,3
서울,중구,44,2,3,17,-,5,802,2,41,-,2,12,-,4,760,1,3,2,1,5,-,1,42,1
서울,용산구,82,4,11,16,-,3,1608,3,72,-,4,11,-,1,1517,1,10,4,7,5,-,2,91,2
서울,성동구,83,5,26,27,-,12,2049,2,72,1,10,21,-,5,1886,1,11,4,16,7,-,7,169,1
서울,광진구,124,14,12,53,-,8,3042,4,105,-,5,28,-,-,2809,-,19,14,8,28,-,8,243,4
서울,동대문구,149,15,17,56,-,5,3315,1,138,5,11,41,-,2,3163,-,11,13,7,25,-,3,164,1
서울,중랑구,205,18,30,133,-,13,4112,6,157,4,19,71,-,2,3626,2,48,16,11,76,-,11,497,4
서울,성북구,202,14,20,63,-,11,4504,2,176,-,11,37,-,1,4216,-,26,14,9,28,-,10,310,2
서울,강북구,150,12,12,81,-,13,3557,4,123,1,10,38,-,5,3271,-,27,11,2,47,-,8,297,4
서울,도봉구,209,16,25,104,-,10,3505,2,151,2,13,46,-,1,3050,-,58,16,12,71,-,9,462,2
서울,노원구,258,19,39,107,-,13,5866,7,229,1,17,64,-,4,5436,1,29,18,23,44,-,10,444,6
서울,은평구,234,18,36,98,-,17,4527,3,200,2,17,50,-,2,4071,-,34,16,19,51,-,15,476,3
서울,서대문구,114,9,13,52,-,5,2505,1,95,1,4,35,-,1,2321,-,19,9,9,21,-,4,193,1
서울,마포구,128,5,39,31,-,9,3026,4,120,-,22,25,-,4,2893,3,8,5,18,7,-,5,134,1
서울,양천구,218,15,28,80,-,16,4960,7,190,-,14,47,-,6,4653,3,28,15,14,35,-,11,317,4
서울,강서구,314,15,37,88,-,23,7323,5,272,-,29,36,-,5,6875,-,42,15,8,54,-,18,470,5
서울,구로구,183,10,31,72,-,15,4033,4,156,-,18,31,-,3,3639,1,27,10,13,41,-,13,401,3
서울,금천구,93,12,9,62,1,12,2292,5,69,1,6,21,1,3,2017,-,24,12,3,43,-,9,284,5
서울,영등포구,132,4,13,56,-,2,3921,1,127,1,7,37,-,-,3821,-,5,4,6,20,-,2,106,1
서울,동작구,136,7,12,44,-,4,3075,3,129,2,11,30,-,2,2970,2,7,5,1,14,-,2,107,1
서울,관악구,194,15,14,75,-,8,4651,4,169,-,11,38,-,3,4396,-,25,15,4,39,-,6,265,4
서울,서초구,86,6,20,28,-,10,3067,2,74,-,13,15,-,3,2923,1,12,6,7,13,-,7,145,1
서울,강남구,150,6,34,30,-,6,4440,2,140,-,26,24,-,2,4332,1,10,6,8,7,-,4,114,1
서울,송파구,235,13,49,96,1,14,6650,3,206,2,19,76,1,1,6322,1,29,12,30,23,-,13,339,3
서울,강동구,155,9,20,53,-,9,4003,3,136,-,7,25,-,4,3786,-,19,9,13,28,-,5,229,3
부산,소계,1791,74,119,463,2,132,32231,57,1572,1,94,225,2,52,30083,3,221,74,26,258,-,88,2263,54
부산,중구,53,1,1,7,-,1,1308,1,52,-,1,4,-,-,1281,-,1,1,-,3,-,1,27,1
부산,서구,39,4,3,15,-,5,1188,4,31,-,1,4,-,-,1089,-,8,4,2,11,-,5,100,4
부산,동구,93,4,14,19,-,5,3009,2,87,-,13,7,-,1,2910,-,6,4,1,12,-,4,101,2
부산,영도구,69,4,10,13,-,4,1566,1,64,1,8,6,-,2,1501,-,5,4,2,7,-,3,68,1
부산,부산진구,208,6,13,33,-,8,5415,5,198,-,10,22,-,3,5307,1,11,6,3,12,-,5,115,4
부산,동래구,184,8,11,39,-,9,4086,4,167,-,11,18,-,4,3934,-,17,8,-,23,-,5,152,4
부산,남구,111,5,10,21,-,8,3334,2,104,-,10,14,-,6,3254,-,7,5,-,9,-,4,81,2
부산,북구,163,9,5,37,-,12,2741,5,140,-,4,17,-,6,2546,-,23,9,1,23,-,8,198,5
부산,해운대구,181,6,8,44,-,11,3565,-,168,-,7,30,-,7,3455,-,13,6,1,15,-,4,113,-
부산,사하구,142,10,4,48,-,15,3432,6,118,-,3,24,-,5,3191,-,24,10,1,25,-,10,251,6
부산,금정구,142,8,9,47,-,10,2740,7,122,-,5,20,-,-,2457,-,21,8,4,30,-,10,284,7
부산,강서구,35,5,4,20,1,5,587,2,27,-,2,8,1,2,506,-,8,5,2,13,-,4,82,2
부산,연제구,94,5,1,20,1,5,2322,2,86,-,1,11,1,4,2259,1,8,5,-,11,-,1,65,1
부산,수영구,74,7,16,14,-,8,1740,2,64,-,13,5,-,4,1656,-,10,7,3,9,-,4,84,2
부산,사상구,89,6,4,35,-,13,1346,5,72,-,3,17,-,5,1182,1,17,6,1,18,-,8,164,4
부산,기장군,121,7,10,54,-,13,2001,9,79,-,5,20,-,3,1628,-,42,7,5,38,-,12,380,9
대구,소계,1448,124,172,602,1,111,21827,59,1130,3,79,316,1,27,18762,3,319,123,94,376,-,92,3235,57
대구,중구,50,6,4,14,-,5,859,1,45,-,2,8,-,2,792,-,6,6,2,9,-,3,70,1
대구,동구,314,25,21,117,-,18,5130,12,254,1,8,67,-,3,4551,2,60,25,13,67,-,16,593,10
대구,서구,134,17,10,73,-,15,2690,8,90,-,4,26,-,3,2242,-,44,17,6,58,-,14,454,8
대구,남구,130,15,16,48,-,8,2781,4,101,-,4,20,-,1,2450,-,29,15,12,34,-,7,338,4
대구,북구,260,31,41,117,1,23,4334,10,193,1,22,59,1,7,3704,-,67,30,19,82,-,17,650,10
대구,수성구,182,13,18,54,-,7,3830,4,160,1,11,40,-,1,3654,1,22,13,8,19,-,6,178,4
대구,달서구,274,18,42,116,-,17,5019,8,238,-,30,70,-,6,4603,-,36,18,12,55,-,12,428,8
대구,달성군,108,26,23,63,-,18,1416,12,53,-,1,26,-,4,897,-,55,26,22,52,-,17,526,12
인천,소계,1815,144,221,906,-,176,29511,62,1210,3,158,229,-,13,24219,-,608,143,67,719,-,166,5681,62
인천,중구,82,21,8,44,-,12,1163,2,48,-,3,11,-,-,863,-,34,21,5,35,-,12,302,2
인천,동구,55,5,11,24,-,5,1133,3,41,-,8,7,-,-,999,-,14,5,3,18,-,5,135,3
인천,미추홀구,246,24,48,113,-,29,5442,12,177,1,38,23,-,1,4704,-,69,23,10,93,-,29,759,12
인천,연수구,153,21,27,65,-,10,2773,3,119,1,21,25,-,1,2437,-,34,21,6,47,-,9,349,3
인천,남동구,369,37,43,189,-,32,6522,12,252,-,26,57,-,3,5460,-,118,37,18,145,-,29,1090,12
인천,부평구,290,35,37,131,-,23,6986,8,207,1,29,31,-,2,6171,-,83,35,9,103,-,23,845,8
인천,계양구,236,25,20,104,-,19,5069,3,157,-,15,25,-,1,4425,-,80,25,5,87,-,18,676,3
인천,서구,296,33,29,168,-,31,4774,12,176,-,23,45,-,5,3793,-,121,33,6,124,-,26,1018,12
인천,강화군,88,9,10,67,-,13,1144,6,37,-,5,5,-,-,691,-,51,9,5,64,-,13,482,6
인천,옹진군,5,1,-,5,-,2,41,1,1,-,-,1,-,-,10,-,4,1,-,5,-,2,31,1
광주,소계,940,36,123,272,1,53,16888,22,797,1,82,165,1,18,15722,-,147,36,42,129,-,43,1263,22
광주,동구,71,6,8,17,-,7,2141,2,55,-,2,6,-,2,2011,-,17,6,6,11,-,6,134,2
광주,서구,193,7,17,44,-,7,4828,4,170,-,12,28,-,1,4616,-,24,7,5,18,-,6,221,4
광주,남구,160,10,30,34,-,5,3742,4,141,1,28,21,-,2,3597,-,19,10,2,16,-,3,154,4
광주,북구,291,11,35,103,1,17,6105,5,244,-,24,70,1,5,5754,-,47,11,11,44,-,14,364,5
광주,광산구,229,17,34,75,-,17,4485,7,191,-,17,40,-,8,4108,-,40,17,18,40,-,14,390,7
대전,소계,899,87,138,428,-,86,16209,47,701,3,95,177,-,12,14124,3,200,86,43,274,-,82,2243,44
대전,동구,136,23,31,89,-,16,3289,12,99,-,21,35,-,-,2759,-,37,23,10,62,-,16,546,12
대전,중구,259,18,28,86,-,14,6076,9,222,-,25,41,-,4,5728,1,37,18,3,50,-,12,371,8
대전,서구,256,33,39,135,-,22,5437,13,198,2,28,59,-,-,4873,2,59,33,11,80,-,22,597,11
대전,유성구,150,22,39,65,-,19,3001,7,114,1,22,27,-,5,2596,-,37,21,17,40,-,18,414,7
대전,대덕구,98,17,6,57,-,15,2239,6,68,-,4,18,-,3,1927,-,30,17,2,43,-,14,316,6
울산,소계,408,33,53,184,-,37,7121,19,334,-,39,103,-,11,6393,-,74,33,16,88,-,29,759,19
울산,중구,94,11,18,34,-,5,1963,3,77,-,13,18,-,1,1795,-,17,11,7,18,-,5,173,3
울산,남구,116,7,5,47,-,5,2248,2,105,-,3,36,-,2,2167,-,11,7,2,11,-,3,82,2
울산,동구,36,1,7,16,-,4,783,2,29,-,7,10,-,2,735,-,7,1,-,7,-,2,48,2
울산,북구,52,10,11,23,-,9,1204,2,41,-,8,8,-,3,1053,-,11,10,3,15,-,7,151,2
울산,울주군,111,18,13,64,-,14,1931,10,83,-,9,31,-,3,1634,-,28,18,4,37,-,12,305,10
세종,소계,103,11,11,39,-,8,1569,4,77,-,9,20,-,1,1394,1,28,11,3,20,-,7,190,3
경기,소계,7127,612,899,3949,-,777,108587,230,4617,24,454,1127,-,79,85853,14,2527,605,463,3015,-,727,24789,216
경기,수원시장안구,181,28,41,84,-,18,2988,7,122,-,20,23,-,3,2365,1,60,28,22,62,-,18,630,6
경기,수원시권선구,154,18,39,58,-,14,2671,3,113,-,30,16,-,2,2298,-,42,18,9,42,-,13,381,3
경기,수원시팔달구,108,18,20,45,-,18,2304,2,76,-,9,11,-,1,1960,-,32,18,12,34,-,17,356,2
경기,수원시영통구,53,6,9,22,-,3,1219,2,45,-,7,10,-,1,1133,-,8,6,2,12,-,2,89,2
경기,성남시수정구,116,12,11,42,-,10,2250,4,88,-,3,19,-,1,1988,-,28,12,8,26,-,10,266,4
경기,성남시중원구,95,9,28,26,-,9,2066,6,77,-,5,10,-,1,1841,-,18,9,24,17,-,8,233,6
경기,성남시분당구,175,16,40,114,-,22,4343,3,148,1,27,89,-,10,4082,-,27,16,13,27,-,12,280,3
경기,의정부시,402,30,26,214,-,39,6497,9,250,1,14,61,-,1,5200,-,152,30,13,161,-,38,1365,9
경기,안양시만안구,157,18,41,70,-,15,2849,3,113,-,25,24,-,2,2399,-,45,18,16,48,-,14,462,3
경기,안양시동안구,140,10,29,37,-,6,3589,1,122,-,20,17,-,1,3362,-,18,10,9,20,-,6,237,1
경기,부천시,474,49,27,240,-,34,7996,5,317,7,14,68,-,4,6600,-,157,48,13,185,-,33,1426,5
경기,광명시,124,13,10,38,-,8,3052,5,100,-,3,13,-,-,2824,-,24,13,7,25,-,8,244,5
경기,평택시,231,36,16,114,-,24,4171,11,166,1,4,34,-,5,3551,-,65,35,13,86,-,20,691,11
경기,동두천시,116,15,5,70,-,21,1634,6,57,1,2,17,-,-,1198,-,60,15,3,57,-,21,466,6
경기,안산시상록구,177,24,25,120,-,21,2810,4,105,-,18,28,-,2,2120,-,72,24,7,94,-,20,702,4
경기,안산시단원구,122,24,12,106,-,21,2078,3,51,1,8,11,-,3,1435,-,71,24,4,97,-,19,661,3
경기,고양시덕양구,290,29,21,162,-,32,5740,10,172,-,3,40,-,3,4713,-,119,29,18,129,-,32,1084,10
경기,고양시일산동구,260,33,14,188,-,42,4741,17,118,-,3,21,-,-,3431,-,143,33,11,169,-,42,1399,17
경기,고양시일산서구,154,16,27,82,-,11,3559,3,113,-,26,36,-,1,3223,1,41,16,3,50,-,10,353,2
경기,과천시,18,1,3,5,-,1,293,2,14,-,3,1,-,-,256,-,4,1,-,4,-,1,37,2
경기,구리시,103,9,10,45,-,8,1828,4,79,-,8,19,-,-,1621,1,24,9,3,31,-,8,215,3
경기,남양주시,515,41,61,310,-,53,6794,11,308,3,26,94,-,2,5053,-,210,38,35,239,-,53,1853,11
경기,오산시,83,13,8,46,-,15,1334,1,54,-,1,15,-,3,1015,-,29,13,7,33,-,12,327,1
경기,시흥시,214,37,21,159,-,18,3740,6,125,-,12,30,-,3,2941,1,89,37,9,135,-,16,841,5
경기,군포시,141,23,18,73,-,14,2349,3,86,-,5,15,-,2,1797,-,55,23,13,62,-,13,557,3
경기,의왕시,69,9,8,29,-,6,1226,3,49,-,4,10,-,2,1066,1,20,9,4,20,-,4,165,2
경기,하남시,135,11,12,56,-,9,2132,2,108,2,8,28,-,-,1868,1,28,11,4,29,-,9,276,1
경기,용인시처인구,149,27,33,89,-,25,2678,12,86,-,11,12,-,2,2032,-,63,27,23,78,-,23,704,12
경기,용인시기흥구,203,23,49,114,-,32,3601,7,135,-,10,33,-,2,2845,-,68,23,39,90,-,31,798,7
경기,용인시수지구,165,14,36,72,-,14,3135,5,130,-,17,30,-,2,2788,2,35,14,19,47,-,13,381,3
경기,파주시,251,34,17,170,-,22,3809,10,138,2,4,35,-,1,2852,3,115,32,14,142,-,22,1041,7
경기,이천시,136,12,13,50,-,11,1806,6,94,-,9,14,-,1,1486,1,43,12,4,40,-,11,350,5
경기,안성시,119,27,10,100,-,23,1632,5,66,-,2,24,-,1,946,-,53,27,9,83,-,23,710,5
경기,김포시,183,16,42,98,-,16,2859,4,128,-,34,31,-,5,2424,1,55,16,8,73,-,11,480,3
경기,화성시,257,35,45,191,-,26,3596,5,171,1,25,90,-,3,2651,-,86,35,20,111,-,25,977,5
경기,광주시,165,16,43,88,-,19,2589,8,114,-,28,33,-,1,2065,-,51,16,17,57,-,19,545,8
경기,양주시,250,25,20,214,-,53,3595,16,110,-,6,43,-,1,2100,-,141,25,14,193,-,53,1547,16
경기,포천시,155,19,6,113,-,21,1753,5,90,-,-,29,-,5,1128,1,65,19,6,88,-,16,656,4
경기,여주시,100,17,11,54,-,7,1317,4,57,1,8,13,-,-,996,-,43,17,4,42,-,7,346,4
경기,연천군,42,5,-,22,-,2,698,2,30,-,-,7,-,-,582,-,12,5,-,18,-,2,125,2
경기,가평군,66,9,8,39,-,6,836,1,47,1,6,21,-,2,656,-,19,8,3,18,-,4,190,1
경기,양평군,108,14,7,58,-,11,1594,4,65,2,5,11,-,-,1241,-,44,14,2,48,-,11,406,4
강원,소계,1185,128,218,548,-,114,14830,69,766,5,94,133,-,9,10863,2,421,125,125,446,-,108,4115,67
강원,춘천시,256,27,51,121,-,17,3359,13,168,-,27,28,-,1,2642,2,88,27,24,95,-,16,764,11
강원,원주시,215,35,55,117,-,34,2607,17,131,1,16,21,-,2,1691,-,85,34,39,100,-,33,944,17
강원,강릉시,223,24,41,98,-,15,2474,7,122,1,19,26,-,2,1712,-,101,23,22,85,-,14,777,7
강원,동해시,66,5,18,14,-,4,1046,3,50,1,11,3,-,-,878,-,16,4,7,11,-,4,168,3
강원,태백시,26,3,7,10,-,4,324,3,20,-,1,3,-,-,219,-,6,3,6,7,-,4,107,3
강원,속초시,67,2,13,20,-,6,727,1,50,-,3,9,-,2,554,-,17,2,10,11,-,4,176,1
강원,삼척시,58,4,5,17,-,5,880,3,43,1,4,5,-,-,775,-,15,4,1,12,-,5,109,3
강원,홍천군,45,5,5,31,-,4,659,3,30,-,3,2,-,-,457,-,16,5,2,29,-,4,207,3
강원,횡성군,46,6,10,25,-,1,532,1,32,1,6,12,-,-,373,-,14,6,4,17,-,1,170,1
강원,영월군,36,5,1,11,-,4,451,3,25,-,-,1,-,-,340,-,11,5,1,11,-,4,112,3
강원,평창군,18,2,2,13,-,2,406,1,15,-,1,5,-,-,350,-,3,2,1,10,-,2,66,1
강원,정선군,21,3,2,14,-,3,207,3,8,-,-,-,-,-,101,-,13,3,2,14,-,3,108,3
강원,철원군,32,2,1,17,-,3,477,2,24,-,-,6,-,-,405,-,8,2,1,11,-,3,79,2
강원,화천군,13,3,1,8,-,1,142,1,8,-,-,1,-,-,86,-,5,3,1,7,-,1,56,1
강원,양구군,12,4,-,8,-,3,140,2,5,-,-,3,-,1,71,-,7,4,-,7,-,3,69,2
강원,인제군,10,1,1,3,-,1,150,1,8,-,1,-,-,-,120,-,2,1,-,3,-,1,30,1
강원,고성군,17,-,3,9,-,3,181,3,11,-,-,4,-,-,103,-,6,-,3,6,-,3,78,3
강원,양양군,24,3,2,13,-,4,264,2,16,-,2,5,-,1,171,-,8,3,1,10,-,3,95,2
충북,소계,1192,120,120,627,1,100,15462,44,803,5,64,219,1,12,12013,-,391,117,62,441,-,94,3740,44
충북,청주시상당구,143,16,10,76,-,11,2272,4,103,-,4,33,-,4,1907,-,40,16,6,49,-,10,381,4
충북,청주시서원구,168,19,16,80,-,18,2766,8,123,-,9,39,-,3,2369,-,45,19,7,42,-,16,403,8
충북,청주시흥덕구,125,15,10,67,-,11,1766,5,90,-,2,36,-,1,1422,-,35,15,8,34,-,11,353,5
충북,청주시청원구,138,21,21,88,-,17,1755,7,91,-,14,38,-,-,1270,-,47,21,7,58,-,17,492,7
충북,충주시,134,21,14,85,1,11,2263,5,82,3,8,12,1,-,1719,-,53,20,8,75,-,11,611,5
충북,제천시,106,12,13,50,-,6,1316,3,74,1,8,13,-,-,1035,-,32,11,8,37,-,6,305,3
충북,보은군,36,3,-,14,-,3,558,3,28,-,-,2,-,-,466,-,8,3,-,12,-,3,102,3
충북,옥천군,53,6,5,22,-,3,1012,1,38,-,4,4,-,-,868,-,15,6,2,20,-,3,162,1
충북,영동군,69,12,5,27,-,3,757,-,46,-,2,6,-,-,584,-,23,12,3,24,-,3,187,-
충북,증평군,36,6,8,12,-,1,322,1,24,-,5,5,-,-,220,-,12,6,3,8,-,1,102,1
충북,진천군,57,7,6,30,-,4,481,-,35,-,2,15,-,2,331,-,22,7,4,15,-,2,150,-
충북,괴산군,39,4,1,17,-,2,524,1,25,-,-,4,-,-,421,-,14,4,1,15,-,2,112,1
충북,음성군,73,11,11,47,-,9,1035,5,40,-,6,12,-,1,755,-,33,11,5,38,-,8,300,5
충북,단양군,21,8,-,14,-,1,338,1,9,1,-,-,-,1,257,-,12,7,-,14,-,1,81,1
충남,소계,1647,147,140,772,-,121,23161,78,1211,7,83,311,-,11,19492,3,443,146,61,524,-,116,4106,75
충남,천안시동남구,128,22,18,84,-,19,2125,12,83,1,11,29,-,2,1657,-,47,22,8,60,-,18,498,12
충남,천안시서북구,154,14,15,72,-,6,2001,3,107,-,8,35,-,2,1685,-,47,14,9,44,-,4,335,3
충남,공주시,118,16,3,51,-,9,1769,6,85,-,-,12,-,1,1500,1,34,16,3,41,-,9,306,5
충남,보령시,81,8,12,33,-,5,1465,2,67,-,9,17,-,1,1322,-,14,8,3,19,-,5,149,2
충남,아산시,144,18,9,63,-,10,2306,7,99,1,5,25,-,1,1954,-,45,18,4,47,-,9,397,7
충남,서산시,147,12,9,62,-,15,2860,10,111,2,7,13,-,1,2521,1,36,11,2,52,-,14,410,9
충남,논산시,165,14,10,78,-,10,1939,4,122,1,4,37,-,2,1590,-,43,14,7,50,-,10,370,4
충남,계룡시,27,5,1,18,-,2,364,3,15,-,-,7,-,-,273,-,12,5,1,15,-,2,97,3
충남,당진시,159,11,20,76,-,13,1839,7,120,-,6,37,-,-,1488,1,39,11,14,41,-,13,362,6
충남,금산군,71,8,3,43,-,3,1147,2,55,-,3,22,-,-,1034,-,19,8,-,26,-,3,143,2
충남,부여군,97,10,5,52,-,10,1116,6,69,1,4,22,-,1,879,-,28,10,1,34,-,10,264,6
충남,서천군,75,6,4,23,-,4,1075,3,63,-,-,8,-,-,932,-,12,6,4,17,-,4,147,3
충남,청양군,34,4,1,13,-,3,439,2,24,-,-,6,-,-,353,-,10,4,1,9,-,3,88,2
충남,홍성군,110,6,9,45,-,5,1502,5,93,-,7,24,-,-,1332,-,17,6,2,22,-,5,179,5
충남,예산군,88,8,19,45,-,4,1541,4,63,1,17,16,-,-,1340,-,25,8,2,33,-,4,224,4
충남,태안군,52,7,2,17,-,3,821,2,37,-,2,2,-,-,717,-,15,7,-,15,-,3,138,2
전북,소계,1688,118,150,683,-,115,20992,65,1350,3,109,337,-,22,18172,4,342,118,42,395,-,98,3024,61
전북,전주시완산구,255,18,30,77,-,14,3881,6,212,1,28,42,-,7,3601,-,43,18,2,39,-,8,301,6
전북,전주시덕진구,169,14,13,62,-,11,2730,4,145,-,6,36,-,4,2487,-,24,14,7,29,-,8,247,4
전북,군산시,212,24,30,109,-,23,3185,12,160,1,19,53,-,4,2713,-,52,24,11,63,-,19,500,12
전북,익산시,313,14,21,137,-,17,3870,10,249,-,15,63,-,-,3340,-,66,14,6,80,-,17,573,10
전북,정읍시,140,11,6,60,-,7,1785,4,116,-,6,36,-,-,1621,1,24,11,-,30,-,7,177,3
전북,남원시,98,8,17,38,-,8,1183,7,80,-,12,16,-,-,978,1,18,8,5,24,-,8,213,6
전북,김제시,123,12,4,41,-,7,1383,4,97,1,2,24,-,4,1194,-,27,12,2,26,-,4,200,4
전북,완주군,86,12,15,47,-,11,967,5,62,-,11,17,-,1,711,-,24,12,4,32,-,11,259,5
전북,진안군,29,5,-,16,-,1,311,1,20,-,-,4,-,-,232,-,9,5,-,12,-,1,82,1
전북,무주군,25,3,1,14,-,2,480,1,17,-,1,5,-,-,410,-,8,3,-,9,-,2,81,1
전북,장수군,23,1,-,8,-,1,210,1,18,-,-,5,-,1,175,-,6,1,-,6,-,1,37,1
전북,임실군,39,4,1,16,-,2,581,1,32,-,-,8,-,-,515,-,7,4,1,11,-,2,67,1
전북,순창군,32,3,1,9,-,2,431,3,26,-,-,5,-,-,380,1,6,3,1,5,-,2,55,2
전북,고창군,73,4,5,19,-,2,832,3,63,-,3,9,-,-,746,1,10,4,2,11,-,2,93,2
전북,부안군,75,3,8,34,-,7,875,3,57,-,7,17,-,1,748,-,18,3,1,18,-,6,139,3
전남,소계,1638,166,131,644,6,115,21675,60,1240,4,82,264,6,19,18360,7,402,164,51,430,-,101,3559,53
전남,목포시,139,14,17,62,-,16,2562,7,105,-,14,20,-,4,2285,3,35,14,3,44,-,12,311,4
전남,여수시,187,22,17,62,-,12,3011,9,151,-,9,29,-,3,2698,-,37,22,8,35,-,9,337,9
전남,순천시,211,15,29,75,-,16,2696,5,154,1,19,36,-,3,2305,1,57,15,11,42,-,13,406,4
전남,나주시,95,16,12,41,-,6,1445,1,73,-,8,27,-,-,1247,-,22,16,4,21,-,6,221,1
전남,광양시,88,12,7,37,-,2,1127,2,69,1,4,23,-,-,987,-,19,12,3,22,-,2,148,2
전남,담양군,56,8,5,31,6,5,749,3,36,-,2,10,6,2,571,-,20,8,3,22,-,5,181,3
전남,곡성군,64,6,11,27,-,4,570,1,46,2,10,11,-,-,448,-,18,4,1,19,-,4,128,1
전남,구례군,38,3,-,20,-,3,524,1,32,-,-,11,-,1,437,-,6,3,-,11,-,2,95,1
전남,고흥군,101,12,9,39,-,8,1040,4,76,-,6,15,-,-,801,-,26,12,3,26,-,8,249,4
전남,보성군,35,6,-,13,-,2,528,2,30,-,-,6,-,-,470,-,5,6,-,9,-,2,63,2
전남,화순군,68,4,1,26,-,5,1224,1,49,-,-,9,-,2,1076,-,19,4,1,20,-,5,157,1
전남,장흥군,54,4,4,19,-,5,663,1,44,-,3,12,-,1,584,1,10,4,1,8,-,4,82,-
전남,강진군,57,6,5,20,-,1,576,2,47,-,4,11,-,-,514,1,11,6,1,9,-,1,67,1
전남,해남군,81,4,4,29,-,4,959,3,56,-,-,4,-,-,781,-,25,4,4,26,-,4,182,3
전남,영암군,53,7,2,16,-,3,820,3,43,-,2,5,-,1,713,-,10,7,1,13,-,3,117,3
전남,무안군,52,8,1,36,-,7,747,3,34,-,-,8,-,-,561,-,18,8,1,29,-,7,190,3
전남,함평군,53,8,-,20,-,3,490,2,35,-,-,7,-,-,360,-,18,8,-,15,-,3,140,2
전남,영광군,45,4,1,20,-,4,673,3,30,-,-,8,-,-,543,-,15,4,1,15,-,4,136,3
전남,장성군,56,4,2,16,-,4,780,3,48,-,-,6,-,2,686,1,8,4,2,11,-,2,96,2
전남,완도군,43,8,4,20,-,3,483,2,31,-,2,5,-,-,368,-,12,8,2,15,-,3,118,2
전남,진도군,40,2,1,8,-,1,473,1,34,-,-,4,-,-,430,-,6,2,1,5,-,1,49,1
전남,신안군,24,1,-,16,-,1,339,1,18,-,-,3,-,-,263,-,6,1,-,14,-,1,87,1
경북,소계,2176,192,202,880,-,169,30316,106,1651,11,94,427,-,29,25552,5,528,191,112,578,-,155,5079,101
경북,포항시남구,114,12,13,56,-,12,2411,5,88,-,8,35,-,3,2176,-,27,12,5,29,-,11,267,5
경북,포항시북구,154,10,10,44,-,8,3049,4,128,-,4,22,-,-,2806,-,26,10,6,28,-,8,252,4
경북,경주시,187,16,19,51,-,10,3485,7,160,2,13,29,-,1,3236,-,27,16,7,30,-,9,274,7
경북,김천시,152,16,13,62,-,8,1665,3,100,1,3,36,-,2,1292,-,52,16,11,50,-,8,397,3
경북,안동시,141,16,26,34,-,12,1978,11,120,-,14,14,-,-,1700,3,21,16,12,20,-,12,288,8
경북,구미시,218,17,47,116,-,19,2277,12,152,4,29,74,-,5,1733,1,67,16,20,66,-,15,562,11
경북,영주시,81,11,13,39,-,9,1202,7,52,-,3,13,-,-,883,-,29,11,10,29,-,9,325,7
경북,영천시,114,7,6,38,-,6,1802,2,99,-,2,24,-,1,1647,-,15,7,4,21,-,5,177,2
경북,상주시,148,14,6,56,-,9,1749,6,117,-,5,25,-,2,1471,-,31,14,1,31,-,7,298,6
경북,문경시,95,9,8,35,-,9,1506,4,70,1,-,10,-,2,1265,-,25,9,8,28,-,7,249,4
경북,경산시,215,16,12,115,-,17,3593,11,150,1,6,52,-,1,3058,-,65,16,6,83,-,16,567,11
경북,군위군,29,1,-,9,-,3,385,2,22,-,-,4,-,1,331,-,7,1,-,5,-,3,54,2
경북,의성군,77,10,2,26,-,6,961,3,53,-,-,5,-,1,783,-,24,10,2,24,-,6,197,3
경북,청송군,31,6,2,13,-,4,393,3,22,1,-,2,-,3,275,-,9,6,2,12,-,4,119,3
경북,영양군,18,6,-,10,-,2,334,2,12,-,-,2,-,-,265,-,6,6,-,9,-,2,78,2
경북,영덕군,53,1,-,24,-,2,592,2,48,-,-,14,-,-,516,-,5,1,-,11,-,2,81,2
경북,청도군,76,6,4,37,-,4,831,3,59,-,1,21,-,1,696,-,17,6,3,17,-,3,145,3
경북,고령군,25,4,3,11,-,2,379,1,18,-,1,3,-,-,308,-,7,4,2,8,-,2,71,1
경북,성주군,46,7,3,17,-,3,492,1,34,1,-,10,-,-,400,-,12,7,3,11,-,3,92,1
경북,칠곡군,79,16,5,45,-,10,1079,7,46,-,1,18,-,2,820,1,33,16,4,35,-,10,263,6
경북,예천군,47,4,6,14,-,6,734,2,39,-,3,4,-,1,632,-,9,4,3,11,-,5,106,2
경북,봉화군,19,6,2,13,-,5,353,5,13,-,-,2,-,2,226,-,6,6,2,13,-,5,128,5
경북,울진군,54,3,1,14,-,3,671,3,48,-,-,8,-,1,603,-,6,3,1,6,-,3,77,3
경북,울릉군,3,1,1,1,-,-,31,-,1,-,1,-,-,-,19,-,2,1,-,1,-,-,14,-
경남,소계,2005,142,179,674,1,138,32570,96,1638,3,91,334,1,25,28803,9,370,141,91,385,-,127,4039,90
경남,창원시의창구,121,13,15,39,-,10,2842,4,96,1,12,21,-,4,2608,-,25,13,4,23,-,8,243,4
경남,창원시성산구,28,1,1,9,-,-,716,-,26,-,1,8,-,-,708,-,2,1,-,2,-,-,8,-
경남,창원시마산합포구,104,11,14,36,1,9,2692,9,84,-,11,15,1,-,2467,1,20,11,3,22,-,9,236,8
경남,창원시마산회원구,79,4,8,13,-,4,2013,1,70,-,4,7,-,1,1929,-,9,4,4,7,-,4,87,1
경남,창원시진해구,75,8,8,36,-,7,1785,4,60,-,3,12,-,2,1605,-,15,8,5,25,-,7,186,4
경남,진주시,256,18,28,59,-,12,4287,9,214,-,14,30,-,1,3893,2,42,18,14,31,-,12,414,9
경남,통영시,63,2,5,22,-,6,851,5,52,-,-,12,-,-,689,1,11,2,5,11,-,6,171,4
경남,사천시,119,7,7,40,-,10,1631,5,84,-,1,16,-,2,1356,1,35,7,6,30,-,9,284,5
경남,김해시,169,13,22,69,-,8,3377,6,145,-,13,40,-,4,3101,-,25,13,9,30,-,7,290,6
경남,밀양시,108,12,4,48,-,8,1584,4,88,-,2,28,-,2,1381,2,20,12,3,25,-,7,227,2
경남,거제시,81,4,13,18,-,6,1340,4,68,-,4,11,-,-,1197,-,13,4,9,7,-,6,147,4
경남,양산시,136,12,9,70,-,16,2715,9,109,-,3,42,-,5,2409,-,28,12,6,35,-,12,325,9
경남,의령군,39,3,3,12,-,2,636,1,32,-,3,5,-,-,573,-,7,3,-,7,-,2,71,1
경남,함안군,90,9,4,24,-,5,1411,3,68,-,2,8,-,2,1262,1,22,9,2,18,-,4,158,2
경남,창녕군,70,5,4,16,-,1,947,1,61,-,4,9,-,1,859,-,9,5,1,9,-,1,91,1
경남,고성군,57,4,-,16,-,3,801,5,45,-,-,5,-,-,688,-,12,4,-,14,-,3,122,5
경남,남해군,67,5,-,19,-,3,1168,3,62,1,-,10,-,-,1075,-,5,4,-,10,-,3,99,3
경남,하동군,87,7,10,22,-,4,1289,3,77,1,4,9,-,-,1144,-,10,7,6,14,-,4,153,3
경남,산청군,68,10,10,26,-,7,1130,6,50,-,3,11,-,-,885,-,18,10,7,16,-,7,258,6
경남,함양군,64,4,2,29,-,6,789,3,48,-,2,11,-,1,656,-,16,4,-,21,-,5,145,3
경남,거창군,75,3,7,31,-,4,662,4,62,-,4,19,-,-,515,-,13,3,3,13,-,4,149,4
경남,합천군,52,6,6,20,-,7,612,7,39,-,2,5,-,-,440,1,13,6,4,15,-,7,176,6
제주,소계,318,47,108,162,-,59,3943,35,196,5,44,58,-,3,2510,-,122,46,66,119,-,56,1478,35
제주,제주시,218,28,82,108,-,38,2985,23,139,2,42,39,-,2,2011,-,79,27,42,79,-,36,1008,23
제주,서귀포시,101,21,26,54,-,21,982,12,58,3,2,19,-,1,521,-,43,21,24,40,-,20,470,12